id,width,height,mode,file
0,1280,80,RGBA,images/0.png
1,479,54,RGBA,images/1.png
2,1280,720,RGBA,images/2.png
3,53,72,RGBA,images/3.png
4,1280,720,RGBA,images/4.png
5,16,16,RGBA,images/5.png
6,512,80,RGBA,images/6.png
7,1280,720,RGBA,images/7.png
11,32,32,RGBA,images/11.png
12,32,32,RGBA,images/12.png
13,482,40,RGBA,images/13.png
14,482,40,RGBA,images/14.png
15,1247,688,RGBA,images/15.png
16,1280,720,RGBA,images/16.png
17,1280,720,RGBA,images/17.png
18,1280,720,RGBA,images/18.png
19,1280,720,RGBA,images/19.png
20,1280,720,RGBA,images/20.png
21,1280,720,RGBA,images/21.png
22,1280,720,RGBA,images/22.png
23,1280,720,RGBA,images/23.png
24,1280,720,RGBA,images/24.png
25,1280,720,RGBA,images/25.png
26,1280,720,RGBA,images/26.png
27,32,32,RGBA,images/27.png
28,372,322,RGBA,images/28.png
29,60,40,RGBA,images/29.png
30,60,40,RGBA,images/30.png
31,31,25,RGBA,images/31.png
32,31,25,RGBA,images/32.png
33,31,25,RGBA,images/33.png
34,31,25,RGBA,images/34.png
35,57,49,RGBA,images/35.png
36,57,49,RGBA,images/36.png
37,63,55,RGBA,images/37.png
38,63,55,RGBA,images/38.png
39,33,29,RGBA,images/39.png
40,33,29,RGBA,images/40.png
41,37,32,RGBA,images/41.png
42,37,32,RGBA,images/42.png
43,31,25,RGBA,images/43.png
44,31,25,RGBA,images/44.png
45,32,32,RGBA,images/45.png
46,1280,720,RGBA,images/46.png
47,1280,720,RGBA,images/47.png
48,1280,720,RGBA,images/48.png
49,1280,720,RGBA,images/49.png
50,1280,720,RGBA,images/50.png
51,1280,720,RGBA,images/51.png
52,1280,720,RGBA,images/52.png
53,1280,720,RGBA,images/53.png
54,31,25,RGBA,images/54.png
55,31,25,RGBA,images/55.png
56,31,25,RGBA,images/56.png
57,31,25,RGBA,images/57.png
58,31,25,RGBA,images/58.png
59,31,25,RGBA,images/59.png
60,31,25,RGBA,images/60.png
61,31,25,RGBA,images/61.png
62,31,25,RGBA,images/62.png
63,31,25,RGBA,images/63.png
64,31,25,RGBA,images/64.png
65,31,25,RGBA,images/65.png
66,31,25,RGBA,images/66.png
67,31,25,RGBA,images/67.png
68,1280,720,RGBA,images/68.png
69,1280,720,RGBA,images/69.png
70,1280,720,RGBA,images/70.png
71,1280,720,RGBA,images/71.png
72,1280,720,RGBA,images/72.png
73,12,18,RGBA,images/73.png
74,12,18,RGBA,images/74.png
75,12,18,RGBA,images/75.png
76,12,18,RGBA,images/76.png
77,12,18,RGBA,images/77.png
78,12,18,RGBA,images/78.png
79,12,18,RGBA,images/79.png
80,12,18,RGBA,images/80.png
81,12,18,RGBA,images/81.png
82,12,18,RGBA,images/82.png
83,12,18,RGBA,images/83.png
84,12,18,RGBA,images/84.png
85,12,18,RGBA,images/85.png
86,12,18,RGBA,images/86.png
87,24,30,RGBA,images/87.png
88,24,30,RGBA,images/88.png
89,24,30,RGBA,images/89.png
90,24,30,RGBA,images/90.png
91,24,30,RGBA,images/91.png
92,24,30,RGBA,images/92.png
93,24,30,RGBA,images/93.png
94,24,30,RGBA,images/94.png
95,24,30,RGBA,images/95.png
96,24,30,RGBA,images/96.png
97,24,30,RGBA,images/97.png
98,24,30,RGBA,images/98.png
99,24,30,RGBA,images/99.png
100,24,30,RGBA,images/100.png
101,42,26,RGBA,images/101.png
102,63,14,RGBA,images/102.png
103,14,17,RGBA,images/103.png
104,14,17,RGBA,images/104.png
105,14,17,RGBA,images/105.png
106,14,17,RGBA,images/106.png
107,14,17,RGBA,images/107.png
108,14,17,RGBA,images/108.png
109,14,17,RGBA,images/109.png
110,14,17,RGBA,images/110.png
111,14,17,RGBA,images/111.png
112,14,17,RGBA,images/112.png
113,14,17,RGBA,images/113.png
114,14,17,RGBA,images/114.png
115,14,17,RGBA,images/115.png
116,14,17,RGBA,images/116.png
117,35,75,RGBA,images/117.png
118,35,75,RGBA,images/118.png
119,35,75,RGBA,images/119.png
120,35,75,RGBA,images/120.png
121,35,75,RGBA,images/121.png
122,35,75,RGBA,images/122.png
123,35,75,RGBA,images/123.png
124,35,75,RGBA,images/124.png
125,35,75,RGBA,images/125.png
126,35,75,RGBA,images/126.png
127,35,75,RGBA,images/127.png
128,35,75,RGBA,images/128.png
129,1480,870,RGBA,images/129.png
130,35,75,RGBA,images/130.png
131,35,75,RGBA,images/131.png
132,24,20,RGBA,images/132.png
133,156,65,RGBA,images/133.png
134,1280,720,RGBA,images/134.png
135,1280,720,RGBA,images/135.png
136,1280,720,RGBA,images/136.png
137,1280,720,RGBA,images/137.png
138,1280,720,RGBA,images/138.png
139,1280,720,RGBA,images/139.png
140,1280,720,RGBA,images/140.png
141,1280,720,RGBA,images/141.png
142,1280,720,RGBA,images/142.png
143,1280,720,RGBA,images/143.png
144,223,720,RGBA,images/144.png
145,223,720,RGBA,images/145.png
146,223,720,RGBA,images/146.png
147,223,720,RGBA,images/147.png
148,223,720,RGBA,images/148.png
149,223,720,RGBA,images/149.png
150,223,720,RGBA,images/150.png
151,223,720,RGBA,images/151.png
152,223,720,RGBA,images/152.png
153,223,720,RGBA,images/153.png
154,223,720,RGBA,images/154.png
155,223,720,RGBA,images/155.png
156,223,720,RGBA,images/156.png
157,223,720,RGBA,images/157.png
158,223,720,RGBA,images/158.png
159,223,720,RGBA,images/159.png
160,248,720,RGBA,images/160.png
161,248,720,RGBA,images/161.png
162,248,720,RGBA,images/162.png
163,248,720,RGBA,images/163.png
164,248,720,RGBA,images/164.png
165,248,720,RGBA,images/165.png
166,248,720,RGBA,images/166.png
167,248,720,RGBA,images/167.png
168,248,720,RGBA,images/168.png
169,248,720,RGBA,images/169.png
170,248,720,RGBA,images/170.png
171,248,720,RGBA,images/171.png
172,248,720,RGBA,images/172.png
173,248,720,RGBA,images/173.png
174,248,720,RGBA,images/174.png
175,248,720,RGBA,images/175.png
176,51,56,RGBA,images/176.png
177,51,56,RGBA,images/177.png
178,156,65,RGBA,images/178.png
179,1280,720,RGBA,images/179.png
180,154,14,RGBA,images/180.png
181,54,54,RGBA,images/181.png
182,54,54,RGBA,images/182.png
183,54,54,RGBA,images/183.png
184,54,54,RGBA,images/184.png
185,54,54,RGBA,images/185.png
186,54,54,RGBA,images/186.png
187,54,54,RGBA,images/187.png
188,54,54,RGBA,images/188.png
189,54,54,RGBA,images/189.png
190,54,54,RGBA,images/190.png
191,54,54,RGBA,images/191.png
192,54,54,RGBA,images/192.png
193,54,54,RGBA,images/193.png
194,54,54,RGBA,images/194.png
195,54,54,RGBA,images/195.png
196,54,54,RGBA,images/196.png
197,54,54,RGBA,images/197.png
198,54,54,RGBA,images/198.png
199,54,54,RGBA,images/199.png
200,54,54,RGBA,images/200.png
201,54,54,RGBA,images/201.png
202,54,54,RGBA,images/202.png
204,1280,720,RGBA,images/204.png
205,256,630,RGBA,images/205.png
206,360,630,RGBA,images/206.png
207,480,630,RGBA,images/207.png
209,480,270,RGBA,images/209.png
210,142,37,RGBA,images/210.png
211,1600,720,RGBA,images/211.png
212,1600,720,RGBA,images/212.png
213,182,358,RGBA,images/213.png
214,1280,720,RGBA,images/214.png
215,1280,720,RGBA,images/215.png
216,1280,720,RGBA,images/216.png
217,1280,720,RGBA,images/217.png
218,1280,720,RGBA,images/218.png
219,1280,720,RGBA,images/219.png
220,1280,720,RGBA,images/220.png
221,1280,720,RGBA,images/221.png
222,1280,720,RGBA,images/222.png
223,1280,720,RGBA,images/223.png
224,1066,511,RGBA,images/224.png
225,1066,511,RGBA,images/225.png
226,1066,511,RGBA,images/226.png
227,1600,720,RGBA,images/227.png
228,182,358,RGBA,images/228.png
232,57,55,RGBA,images/232.png
233,600,507,RGBA,images/233.png
234,43,65,RGBA,images/234.png
235,53,72,RGBA,images/235.png
236,299,715,RGBA,images/236.png
237,146,196,RGBA,images/237.png
238,1066,511,RGBA,images/238.png
239,203,33,RGBA,images/239.png
240,204,34,RGBA,images/240.png
241,227,44,RGBA,images/241.png
242,306,44,RGBA,images/242.png
244,43,65,RGBA,images/244.png
245,43,26,RGBA,images/245.png
246,227,97,RGBA,images/246.png
247,231,97,RGBA,images/247.png
248,231,97,RGBA,images/248.png
249,231,97,RGBA,images/249.png
250,231,97,RGBA,images/250.png
251,233,97,RGBA,images/251.png
252,240,100,RGBA,images/252.png
253,38,39,RGBA,images/253.png
254,480,270,RGBA,images/254.png
255,35,75,RGBA,images/255.png
256,150,200,RGBA,images/256.png
263,32,32,RGBA,images/263.png
271,1280,720,RGBA,images/271.png
272,35,75,RGBA,images/272.png
273,35,75,RGBA,images/273.png
274,35,75,RGBA,images/274.png
275,35,75,RGBA,images/275.png
276,35,75,RGBA,images/276.png
277,35,75,RGBA,images/277.png
278,35,75,RGBA,images/278.png
279,35,75,RGBA,images/279.png
280,35,75,RGBA,images/280.png
281,35,75,RGBA,images/281.png
282,35,75,RGBA,images/282.png
283,35,75,RGBA,images/283.png
284,35,75,RGBA,images/284.png
285,150,200,RGBA,images/285.png
286,32,32,RGBA,images/286.png
287,113,72,RGBA,images/287.png
289,32,32,RGBA,images/289.png
290,35,75,RGBA,images/290.png
291,35,75,RGBA,images/291.png
292,35,75,RGBA,images/292.png
293,120,120,RGBA,images/293.png
294,480,270,RGBA,images/294.png
295,480,270,RGBA,images/295.png
296,480,270,RGBA,images/296.png
297,35,75,RGBA,images/297.png
298,35,75,RGBA,images/298.png
299,35,75,RGBA,images/299.png
300,32,32,RGBA,images/300.png
301,35,75,RGBA,images/301.png
302,35,75,RGBA,images/302.png
303,35,75,RGBA,images/303.png
304,35,75,RGBA,images/304.png
305,35,75,RGBA,images/305.png
306,35,75,RGBA,images/306.png
307,35,75,RGBA,images/307.png
308,35,75,RGBA,images/308.png
309,32,32,RGBA,images/309.png
310,150,200,RGBA,images/310.png
311,1280,720,RGBA,images/311.png
312,1600,720,RGBA,images/312.png
313,128,64,RGBA,images/313.png
314,480,270,RGBA,images/314.png
315,480,270,RGBA,images/315.png
316,480,270,RGBA,images/316.png
317,480,270,RGBA,images/317.png
318,480,270,RGBA,images/318.png
319,480,270,RGBA,images/319.png
320,480,270,RGBA,images/320.png
321,480,270,RGBA,images/321.png
322,480,270,RGBA,images/322.png
323,480,270,RGBA,images/323.png
324,480,270,RGBA,images/324.png
325,480,270,RGBA,images/325.png
326,480,270,RGBA,images/326.png
327,480,270,RGBA,images/327.png
328,480,270,RGBA,images/328.png
329,480,270,RGBA,images/329.png
330,480,270,RGBA,images/330.png
331,480,270,RGBA,images/331.png
332,579,53,RGBA,images/332.png
333,579,53,RGBA,images/333.png
334,128,64,RGBA,images/334.png
335,380,380,RGBA,images/335.png
336,50,25,RGBA,images/336.png
337,50,25,RGBA,images/337.png
338,128,64,RGBA,images/338.png
339,50,25,RGBA,images/339.png
340,150,200,RGBA,images/340.png
341,128,64,RGBA,images/341.png
342,480,270,RGBA,images/342.png
343,1600,720,RGBA,images/343.png
344,150,200,RGBA,images/344.png
345,480,270,RGBA,images/345.png
346,418,375,RGBA,images/346.png
347,1600,720,RGBA,images/347.png
348,1600,720,RGBA,images/348.png
349,480,270,RGBA,images/349.png
350,1600,720,RGBA,images/350.png
351,1280,720,RGBA,images/351.png
352,480,270,RGBA,images/352.png
353,480,270,RGBA,images/353.png
354,480,270,RGBA,images/354.png
355,480,270,RGBA,images/355.png
356,480,270,RGBA,images/356.png
357,480,270,RGBA,images/357.png
358,480,270,RGBA,images/358.png
359,480,270,RGBA,images/359.png
360,480,270,RGBA,images/360.png
361,480,270,RGBA,images/361.png
362,480,270,RGBA,images/362.png
363,480,270,RGBA,images/363.png
364,35,75,RGBA,images/364.png
365,480,270,RGBA,images/365.png
366,35,75,RGBA,images/366.png
367,35,75,RGBA,images/367.png
368,35,75,RGBA,images/368.png
369,35,75,RGBA,images/369.png
370,35,75,RGBA,images/370.png
371,35,75,RGBA,images/371.png
372,35,75,RGBA,images/372.png
373,35,75,RGBA,images/373.png
374,35,75,RGBA,images/374.png
375,35,75,RGBA,images/375.png
376,35,75,RGBA,images/376.png
377,35,75,RGBA,images/377.png
378,35,75,RGBA,images/378.png
379,1600,720,RGBA,images/379.png
380,400,225,RGBA,images/380.png
381,128,64,RGBA,images/381.png
382,480,270,RGBA,images/382.png
383,35,75,RGBA,images/383.png
384,35,75,RGBA,images/384.png
385,60,40,RGBA,images/385.png
386,35,75,RGBA,images/386.png
387,480,270,RGBA,images/387.png
389,53,72,RGBA,images/389.png
390,256,256,RGBA,images/390.png
391,35,75,RGBA,images/391.png
392,35,75,RGBA,images/392.png
393,35,75,RGBA,images/393.png
394,35,75,RGBA,images/394.png
395,35,75,RGBA,images/395.png
396,35,75,RGBA,images/396.png
397,35,75,RGBA,images/397.png
398,35,75,RGBA,images/398.png
399,35,75,RGBA,images/399.png
400,35,75,RGBA,images/400.png
401,35,75,RGBA,images/401.png
402,35,75,RGBA,images/402.png
403,53,72,RGBA,images/403.png
404,126,54,RGBA,images/404.png
405,480,270,RGBA,images/405.png
406,53,72,RGBA,images/406.png
407,480,270,RGBA,images/407.png
408,150,200,RGBA,images/408.png
409,40,40,RGBA,images/409.png
410,40,40,RGBA,images/410.png
411,35,75,RGBA,images/411.png
412,35,75,RGBA,images/412.png
413,35,75,RGBA,images/413.png
414,40,40,RGBA,images/414.png
415,121,31,RGBA,images/415.png
416,50,50,RGBA,images/416.png
417,69,69,RGBA,images/417.png
418,480,270,RGBA,images/418.png
419,35,75,RGBA,images/419.png
420,35,75,RGBA,images/420.png
421,35,75,RGBA,images/421.png
422,150,200,RGBA,images/422.png
423,53,72,RGBA,images/423.png
424,53,72,RGBA,images/424.png
425,53,72,RGBA,images/425.png
426,53,72,RGBA,images/426.png
427,480,270,RGBA,images/427.png
428,53,72,RGBA,images/428.png
429,53,72,RGBA,images/429.png
430,53,72,RGBA,images/430.png
431,53,72,RGBA,images/431.png
432,53,72,RGBA,images/432.png
433,53,72,RGBA,images/433.png
434,53,72,RGBA,images/434.png
435,53,72,RGBA,images/435.png
436,53,72,RGBA,images/436.png
437,53,72,RGBA,images/437.png
438,53,72,RGBA,images/438.png
439,53,72,RGBA,images/439.png
440,53,72,RGBA,images/440.png
441,53,72,RGBA,images/441.png
442,53,72,RGBA,images/442.png
443,150,200,RGBA,images/443.png
444,30,40,RGBA,images/444.png
445,30,40,RGBA,images/445.png
446,30,40,RGBA,images/446.png
447,30,40,RGBA,images/447.png
448,30,40,RGBA,images/448.png
449,30,40,RGBA,images/449.png
450,30,40,RGBA,images/450.png
451,30,40,RGBA,images/451.png
452,30,40,RGBA,images/452.png
453,30,40,RGBA,images/453.png
454,30,40,RGBA,images/454.png
455,30,40,RGBA,images/455.png
456,30,40,RGBA,images/456.png
457,30,40,RGBA,images/457.png
458,480,270,RGBA,images/458.png
459,250,55,RGBA,images/459.png
460,600,507,RGBA,images/460.png
461,480,270,RGBA,images/461.png
462,53,72,RGBA,images/462.png
463,35,75,RGBA,images/463.png
464,266,271,RGBA,images/464.png
465,35,75,RGBA,images/465.png
466,35,75,RGBA,images/466.png
467,35,75,RGBA,images/467.png
468,35,75,RGBA,images/468.png
469,35,75,RGBA,images/469.png
470,35,75,RGBA,images/470.png
471,35,75,RGBA,images/471.png
472,35,75,RGBA,images/472.png
473,35,75,RGBA,images/473.png
474,35,75,RGBA,images/474.png
475,35,75,RGBA,images/475.png
476,35,75,RGBA,images/476.png
477,35,75,RGBA,images/477.png
478,35,75,RGBA,images/478.png
479,480,270,RGBA,images/479.png
480,35,75,RGBA,images/480.png
481,35,75,RGBA,images/481.png
482,35,75,RGBA,images/482.png
483,35,75,RGBA,images/483.png
484,35,75,RGBA,images/484.png
485,35,75,RGBA,images/485.png
486,64,64,RGBA,images/486.png
487,53,72,RGBA,images/487.png
488,480,270,RGBA,images/488.png
489,53,72,RGBA,images/489.png
490,32,32,RGBA,images/490.png
491,53,72,RGBA,images/491.png
492,53,72,RGBA,images/492.png
493,480,270,RGBA,images/493.png
494,480,270,RGBA,images/494.png
495,480,270,RGBA,images/495.png
496,480,270,RGBA,images/496.png
497,480,270,RGBA,images/497.png
498,480,270,RGBA,images/498.png
499,480,270,RGBA,images/499.png
500,480,270,RGBA,images/500.png
501,480,270,RGBA,images/501.png
502,480,270,RGBA,images/502.png
503,480,270,RGBA,images/503.png
504,480,270,RGBA,images/504.png
505,480,270,RGBA,images/505.png
506,480,270,RGBA,images/506.png
507,480,270,RGBA,images/507.png
508,480,270,RGBA,images/508.png
509,480,270,RGBA,images/509.png
510,480,270,RGBA,images/510.png
511,235,55,RGBA,images/511.png
512,480,270,RGBA,images/512.png
513,235,55,RGBA,images/513.png
514,32,32,RGBA,images/514.png
515,1280,720,RGBA,images/515.png
516,1280,720,RGBA,images/516.png
517,1280,720,RGBA,images/517.png
518,1280,720,RGBA,images/518.png
520,1280,720,RGBA,images/520.png
521,480,270,RGBA,images/521.png
522,43,65,RGBA,images/522.png
523,43,65,RGBA,images/523.png
524,480,270,RGBA,images/524.png
525,43,65,RGBA,images/525.png
526,43,65,RGBA,images/526.png
527,43,65,RGBA,images/527.png
528,43,65,RGBA,images/528.png
529,43,65,RGBA,images/529.png
530,43,65,RGBA,images/530.png
531,43,65,RGBA,images/531.png
532,43,65,RGBA,images/532.png
533,43,65,RGBA,images/533.png
534,43,65,RGBA,images/534.png
535,50,25,RGBA,images/535.png
536,480,270,RGBA,images/536.png
537,480,270,RGBA,images/537.png
538,480,270,RGBA,images/538.png
539,480,270,RGBA,images/539.png
540,600,507,RGBA,images/540.png
541,600,507,RGBA,images/541.png
544,50,25,RGBA,images/544.png
545,50,25,RGBA,images/545.png
546,50,25,RGBA,images/546.png
547,50,25,RGBA,images/547.png
548,50,25,RGBA,images/548.png
549,50,25,RGBA,images/549.png
550,50,25,RGBA,images/550.png
551,50,25,RGBA,images/551.png
552,50,25,RGBA,images/552.png
553,50,25,RGBA,images/553.png
554,50,25,RGBA,images/554.png
555,50,25,RGBA,images/555.png
556,50,25,RGBA,images/556.png
557,50,25,RGBA,images/557.png
558,50,25,RGBA,images/558.png
559,50,25,RGBA,images/559.png
560,50,25,RGBA,images/560.png
561,50,25,RGBA,images/561.png
562,480,270,RGBA,images/562.png
563,480,270,RGBA,images/563.png
564,480,270,RGBA,images/564.png
565,480,270,RGBA,images/565.png
566,480,270,RGBA,images/566.png
567,480,270,RGBA,images/567.png
568,480,270,RGBA,images/568.png
569,480,270,RGBA,images/569.png
570,480,270,RGBA,images/570.png
571,480,270,RGBA,images/571.png
572,480,270,RGBA,images/572.png
